{"cameraMode":{"drawMode":0,"name":"Shaded","section":"Shading Mode"},"sceneLighting":false,"audioPlay":false,"sceneViewState":{"showFog":true,"showMaterialUpdate":false,"showSkybox":false,"showFlares":true,"showImageEffects":true,"showParticleSystems":true},"in2DMode":false,"pivot":{"x":-2.6001391410827638,"y":10.684962272644043,"z":-10.636625289916993},"rotation":{"x":-0.3955835998058319,"y":-0.021190768107771875,"z":0.009166117757558823,"w":-0.9181637167930603},"size":6.103482723236084,"orthographic":false}