{"cameraMode":{"drawMode":0,"name":"Shaded","section":"Shading Mode"},"sceneLighting":true,"audioPlay":false,"sceneViewState":{"showFog":true,"showMaterialUpdate":false,"showSkybox":true,"showFlares":true,"showImageEffects":true,"showParticleSystems":true},"in2DMode":false,"pivot":{"x":1.09141206741333,"y":15.703567504882813,"z":-22.027006149291993},"rotation":{"x":0.36790892481803896,"y":-0.0159214548766613,"z":0.0062054358422756199,"w":0.9297364950180054},"size":19.18958854675293,"orthographic":false}