{"cameraMode":{"drawMode":0,"name":"Shaded","section":"Shading Mode"},"sceneLighting":false,"audioPlay":false,"sceneViewState":{"showFog":true,"showMaterialUpdate":false,"showSkybox":false,"showFlares":true,"showImageEffects":true,"showParticleSystems":true},"in2DMode":false,"pivot":{"x":17.045915603637697,"y":8.03131103515625,"z":6.30120849609375},"rotation":{"x":0.0032168233301490547,"y":-0.7998436093330383,"z":0.6002662181854248,"w":0.00436744000762701},"size":17.51604652404785,"orthographic":false}